{
    "name": "root",
    "gauges": {
        "MoveToGoal.Policy.Entropy.mean": {
            "value": -0.3109777569770813,
            "min": -0.3117389380931854,
            "max": -0.25690242648124695,
            "count": 118
        },
        "MoveToGoal.Policy.Entropy.sum": {
            "value": -3196.851318359375,
            "min": -3229.520263671875,
            "max": -703.9126586914062,
            "count": 118
        },
        "MoveToGoal.Environment.LessonNumber.ballPositionX.mean": {
            "value": 13.0,
            "min": 13.0,
            "max": 13.0,
            "count": 118
        },
        "MoveToGoal.Environment.LessonNumber.ballPositionX.sum": {
            "value": 13.0,
            "min": 13.0,
            "max": 13.0,
            "count": 118
        },
        "MoveToGoal.Environment.LessonNumber.ballPositionZ.mean": {
            "value": 13.0,
            "min": 13.0,
            "max": 13.0,
            "count": 118
        },
        "MoveToGoal.Environment.LessonNumber.ballPositionZ.sum": {
            "value": 13.0,
            "min": 13.0,
            "max": 13.0,
            "count": 118
        },
        "MoveToGoal.IsTraining.mean": {
            "value": 1.0,
            "min": 1.0,
            "max": 1.0,
            "count": 118
        },
        "MoveToGoal.IsTraining.sum": {
            "value": 1.0,
            "min": 1.0,
            "max": 1.0,
            "count": 118
        },
        "MoveToGoal.Step.mean": {
            "value": 20669978.0,
            "min": 19509975.0,
            "max": 20669978.0,
            "count": 117
        },
        "MoveToGoal.Step.sum": {
            "value": 20669978.0,
            "min": 19509975.0,
            "max": 20669978.0,
            "count": 117
        },
        "MoveToGoal.Policy.ExtrinsicValueEstimate.mean": {
            "value": -0.30241385102272034,
            "min": -0.7089285254478455,
            "max": 0.3463602066040039,
            "count": 117
        },
        "MoveToGoal.Policy.ExtrinsicValueEstimate.sum": {
            "value": -48.08380126953125,
            "min": -114.13749694824219,
            "max": 55.76399230957031,
            "count": 117
        },
        "MoveToGoal.Policy.GailValueEstimate.mean": {
            "value": 3.111717700958252,
            "min": 2.2323548793792725,
            "max": 20.98684310913086,
            "count": 117
        },
        "MoveToGoal.Policy.GailValueEstimate.sum": {
            "value": 494.76312255859375,
            "min": 352.7120666503906,
            "max": 3357.89501953125,
            "count": 117
        },
        "MoveToGoal.Environment.EpisodeLength.mean": {
            "value": 2778.0,
            "min": 128.875,
            "max": 3144.3333333333335,
            "count": 117
        },
        "MoveToGoal.Environment.EpisodeLength.sum": {
            "value": 11112.0,
            "min": 786.0,
            "max": 18941.0,
            "count": 117
        },
        "MoveToGoal.Environment.CumulativeReward.mean": {
            "value": -7.766859787516296,
            "min": -11.119692654038468,
            "max": 5.217809311368248,
            "count": 117
        },
        "MoveToGoal.Environment.CumulativeReward.sum": {
            "value": -31.067439150065184,
            "min": -56.041978653520346,
            "max": 68.87239352613688,
            "count": 117
        },
        "MoveToGoal.Policy.ExtrinsicReward.mean": {
            "value": -7.766859787516296,
            "min": -11.119692654038468,
            "max": 5.217809311368248,
            "count": 117
        },
        "MoveToGoal.Policy.ExtrinsicReward.sum": {
            "value": -31.067439150065184,
            "min": -56.041978653520346,
            "max": 68.87239352613688,
            "count": 117
        },
        "MoveToGoal.Policy.GailReward.mean": {
            "value": 88.64992275601253,
            "min": 7.278018401004374,
            "max": 99.49319216534302,
            "count": 117
        },
        "MoveToGoal.Policy.GailReward.sum": {
            "value": 354.5996910240501,
            "min": 47.98991261096671,
            "max": 684.4475029911846,
            "count": 117
        },
        "MoveToGoal.Losses.PolicyLoss.mean": {
            "value": 0.024102164968098805,
            "min": 0.022975078575756116,
            "max": 0.027255780313175312,
            "count": 23
        },
        "MoveToGoal.Losses.PolicyLoss.sum": {
            "value": 0.024102164968098805,
            "min": 0.022975078575756116,
            "max": 0.027255780313175312,
            "count": 23
        },
        "MoveToGoal.Losses.ValueLoss.mean": {
            "value": 0.11150281177833676,
            "min": 0.11150281177833676,
            "max": 4.380106906096141,
            "count": 23
        },
        "MoveToGoal.Losses.ValueLoss.sum": {
            "value": 0.11150281177833676,
            "min": 0.11150281177833676,
            "max": 4.380106906096141,
            "count": 23
        },
        "MoveToGoal.Policy.LearningRate.mean": {
            "value": 0.0003,
            "min": 0.0003,
            "max": 0.0003,
            "count": 23
        },
        "MoveToGoal.Policy.LearningRate.sum": {
            "value": 0.0003,
            "min": 0.0003,
            "max": 0.0003,
            "count": 23
        },
        "MoveToGoal.Policy.Epsilon.mean": {
            "value": 0.19999999999999998,
            "min": 0.19999999999999998,
            "max": 0.19999999999999998,
            "count": 23
        },
        "MoveToGoal.Policy.Epsilon.sum": {
            "value": 0.19999999999999998,
            "min": 0.19999999999999998,
            "max": 0.19999999999999998,
            "count": 23
        },
        "MoveToGoal.Policy.Beta.mean": {
            "value": 0.0005,
            "min": 0.0005,
            "max": 0.0005,
            "count": 23
        },
        "MoveToGoal.Policy.Beta.sum": {
            "value": 0.0005,
            "min": 0.0005,
            "max": 0.0005,
            "count": 23
        },
        "MoveToGoal.Policy.GAILPolicyEstimate.mean": {
            "value": 0.23482131564782727,
            "min": 0.23482131564782727,
            "max": 0.32946872524917126,
            "count": 23
        },
        "MoveToGoal.Policy.GAILPolicyEstimate.sum": {
            "value": 0.23482131564782727,
            "min": 0.23482131564782727,
            "max": 0.32946872524917126,
            "count": 23
        },
        "MoveToGoal.Policy.GAILExpertEstimate.mean": {
            "value": 0.7756481340361966,
            "min": 0.6608762687279118,
            "max": 0.7756481340361966,
            "count": 23
        },
        "MoveToGoal.Policy.GAILExpertEstimate.sum": {
            "value": 0.7756481340361966,
            "min": 0.6608762687279118,
            "max": 0.7756481340361966,
            "count": 23
        },
        "MoveToGoal.Losses.GAILLoss.mean": {
            "value": 0.6016762397355504,
            "min": 0.6016762397355504,
            "max": 0.8926895281506909,
            "count": 23
        },
        "MoveToGoal.Losses.GAILLoss.sum": {
            "value": 0.6016762397355504,
            "min": 0.6016762397355504,
            "max": 0.8926895281506909,
            "count": 23
        },
        "MoveToGoal.Policy.GAILGradMagLoss.mean": {
            "value": 0.07493101877884732,
            "min": 0.055263922575654253,
            "max": 0.1255725595013549,
            "count": 23
        },
        "MoveToGoal.Policy.GAILGradMagLoss.sum": {
            "value": 0.07493101877884732,
            "min": 0.055263922575654253,
            "max": 0.1255725595013549,
            "count": 23
        }
    },
    "metadata": {
        "timer_format_version": "0.1.0",
        "start_time_seconds": "1733329275",
        "python_version": "3.10.11 (tags/v3.10.11:7d4cc5a, Apr  5 2023, 00:38:17) [MSC v.1929 64 bit (AMD64)]",