{
    "name": "root",
    "gauges": {
        "MoveToGoal.Policy.Entropy.mean": {
            "value": -0.18873389065265656,
            "min": -0.23664434254169464,
            "max": -0.18335039913654327,
            "count": 237
        },
        "MoveToGoal.Policy.Entropy.sum": {
            "value": -1857.1414794921875,
            "min": -2497.29541015625,
            "max": -768.0531005859375,
            "count": 237
        },
        "MoveToGoal.Environment.LessonNumber.ballPositionX.mean": {
            "value": 13.0,
            "min": 13.0,
            "max": 13.0,
            "count": 237
        },
        "MoveToGoal.Environment.LessonNumber.ballPositionX.sum": {
            "value": 13.0,
            "min": 13.0,
            "max": 13.0,
            "count": 237
        },
        "MoveToGoal.Environment.LessonNumber.ballPositionZ.mean": {
            "value": 13.0,
            "min": 13.0,
            "max": 13.0,
            "count": 237
        },
        "MoveToGoal.Environment.LessonNumber.ballPositionZ.sum": {
            "value": 13.0,
            "min": 13.0,
            "max": 13.0,
            "count": 237
        },
        "MoveToGoal.Environment.EpisodeLength.mean": {
            "value": 1211.3,
            "min": 46.05,
            "max": 1367.7777777777778,
            "count": 237
        },
        "MoveToGoal.Environment.EpisodeLength.sum": {
            "value": 12113.0,
            "min": 921.0,
            "max": 17827.0,
            "count": 237
        },
        "MoveToGoal.Step.mean": {
            "value": 15039984.0,
            "min": 12679949.0,
            "max": 15039984.0,
            "count": 237
        },
        "MoveToGoal.Step.sum": {
            "value": 15039984.0,
            "min": 12679949.0,
            "max": 15039984.0,
            "count": 237
        },
        "MoveToGoal.Policy.ExtrinsicValueEstimate.mean": {
            "value": 1.2627015113830566,
            "min": -0.9660999774932861,
            "max": 1.5125455856323242,
            "count": 237
        },
        "MoveToGoal.Policy.ExtrinsicValueEstimate.sum": {
            "value": 199.5068359375,
            "min": -211.57589721679688,
            "max": 246.544921875,
            "count": 237
        },
        "MoveToGoal.Policy.GailValueEstimate.mean": {
            "value": 0.8158933520317078,
            "min": 0.3275131285190582,
            "max": 1.3033734560012817,
            "count": 237
        },
        "MoveToGoal.Policy.GailValueEstimate.sum": {
            "value": 128.91114807128906,
            "min": 22.6199893951416,
            "max": 222.87686157226562,
            "count": 237
        },
        "MoveToGoal.Environment.CumulativeReward.mean": {
            "value": 16.121834309399127,
            "min": -2.516737285275328,
            "max": 16.121834309399127,
            "count": 237
        },
        "MoveToGoal.Environment.CumulativeReward.sum": {
            "value": 161.21834309399128,
            "min": -264.02400206774473,
            "max": 166.63680768199265,
            "count": 237
        },
        "MoveToGoal.Policy.ExtrinsicReward.mean": {
            "value": 16.121834309399127,
            "min": -2.516737285275328,
            "max": 16.121834309399127,
            "count": 237
        },
        "MoveToGoal.Policy.ExtrinsicReward.sum": {
            "value": 161.21834309399128,
            "min": -264.02400206774473,
            "max": 166.63680768199265,
            "count": 237
        },
        "MoveToGoal.Policy.GailReward.mean": {
            "value": 9.986620365828276,
            "min": 0.1113080732524395,
            "max": 19.151070073246956,
            "count": 237
        },
        "MoveToGoal.Policy.GailReward.sum": {
            "value": 99.86620365828276,
            "min": 2.22616146504879,
            "max": 208.81211840885226,
            "count": 237
        },
        "MoveToGoal.IsTraining.mean": {
            "value": 1.0,
            "min": 1.0,
            "max": 1.0,
            "count": 237
        },
        "MoveToGoal.IsTraining.sum": {
            "value": 1.0,
            "min": 1.0,
            "max": 1.0,
            "count": 237
        },
        "MoveToGoal.Losses.PolicyLoss.mean": {
            "value": 0.024570827614904072,
            "min": 0.02127091714767933,
            "max": 0.029055961146089732,
            "count": 47
        },
        "MoveToGoal.Losses.PolicyLoss.sum": {
            "value": 0.024570827614904072,
            "min": 0.02127091714767933,
            "max": 0.029055961146089732,
            "count": 47
        },
        "MoveToGoal.Losses.ValueLoss.mean": {
            "value": 0.04809348673249284,
            "min": 0.016771157796029,
            "max": 0.14401131480311355,
            "count": 47
        },
        "MoveToGoal.Losses.ValueLoss.sum": {
            "value": 0.04809348673249284,
            "min": 0.016771157796029,
            "max": 0.14401131480311355,
            "count": 47
        },
        "MoveToGoal.Policy.LearningRate.mean": {
            "value": 0.0003,
            "min": 0.0003,
            "max": 0.0003,
            "count": 47
        },
        "MoveToGoal.Policy.LearningRate.sum": {
            "value": 0.0003,
            "min": 0.0003,
            "max": 0.0003,
            "count": 47
        },
        "MoveToGoal.Policy.Epsilon.mean": {
            "value": 0.19999999999999998,
            "min": 0.19999999999999998,
            "max": 0.19999999999999998,
            "count": 47
        },
        "MoveToGoal.Policy.Epsilon.sum": {
            "value": 0.19999999999999998,
            "min": 0.19999999999999998,
            "max": 0.19999999999999998,
            "count": 47
        },
        "MoveToGoal.Policy.Beta.mean": {
            "value": 0.0005,
            "min": 0.0005,
            "max": 0.0005,
            "count": 47
        },
        "MoveToGoal.Policy.Beta.sum": {
            "value": 0.0005,
            "min": 0.0005,
            "max": 0.0005,
            "count": 47
        },
        "MoveToGoal.Policy.GAILPolicyEstimate.mean": {
            "value": 0.044770325585785836,
            "min": 0.027216051216884,
            "max": 0.058651729060026504,
            "count": 47
        },
        "MoveToGoal.Policy.GAILPolicyEstimate.sum": {
            "value": 0.044770325585785836,
            "min": 0.027216051216884,
            "max": 0.058651729060026504,
            "count": 47
        },
        "MoveToGoal.Policy.GAILExpertEstimate.mean": {
            "value": 0.9485043697059155,
            "min": 0.9372896067798138,
            "max": 0.9486878406670358,
            "count": 47
        },
        "MoveToGoal.Policy.GAILExpertEstimate.sum": {
            "value": 0.9485043697059155,
            "min": 0.9372896067798138,
            "max": 0.9486878406670358,
            "count": 47
        },
        "MoveToGoal.Losses.GAILLoss.mean": {
            "value": 0.13460526160067982,
            "min": 0.10508364842583735,
            "max": 0.15854384543167221,
            "count": 47
        },
        "MoveToGoal.Losses.GAILLoss.sum": {
            "value": 0.13460526160067982,
            "min": 0.10508364842583735,
            "max": 0.15854384543167221,
            "count": 47
        },
        "MoveToGoal.Policy.GAILGradMagLoss.mean": {
            "value": 0.02073081197967339,
            "min": 0.01986586270828007,
            "max": 0.17863875796319917,
            "count": 47
        },
        "MoveToGoal.Policy.GAILGradMagLoss.sum": {
            "value": 0.02073081197967339,
            "min": 0.01986586270828007,
            "max": 0.17863875796319917,
            "count": 47
        },
        "MoveToGoal.Losses.PretrainingLoss.mean": {
            "value": 0.1262585073709488,
            "min": 0.09837768066163156,
            "max": 0.12765532878099703,
            "count": 47
        },