{"count":1,"self":109.68831999999999,"total":110.4668409,"children":{"InitializeActuators":{"count":1,"self":0.0010004999999999999,"total":0.0010004999999999999,"children":null},"InitializeSensors":{"count":1,"self":0.001,"total":0.001,"children":null},"AgentSendState":{"count":5084,"self":0.2331086,"total":0.2465523,"children":{"CollectObservations":{"count":1017,"self":0.0030007,"total":0.0030007,"children":null},"WriteActionMask":{"count":1017,"self":0.0020001999999999997,"total":0.0020001999999999997,"children":null},"RequestDecision":{"count":1017,"self":0.0084428,"total":0.0084428,"children":null}}},"DecideAction":{"count":5084,"self":0.3225475,"total":0.3739089,"children":{"RayPerceptionSensor.Perceive":{"count":4068,"self":0.051361399999999995,"total":0.051361399999999995,"children":null}}},"AgentAct":{"count":5084,"self":0.15605839999999999,"total":0.15605839999999999,"children":null}},"gauges":{"MoveToGoal.CumulativeReward":{"count":1,"max":14.0215349,"min":14.0215349,"runningAverage":14.0215349,"value":14.0215349,"weightedAverage":14.0215349}},"metadata":{"timer_format_version":"0.1.0","start_time_seconds":"1733334222","unity_version":"6000.0.26f1","command_line_arguments":"C:\\Program Files\\Unity\\Hub\\Editor\\6000.0.26f1\\Editor\\Unity.exe -projectpath C:\\Users\\Adrian\\Desktop\\RL -useHub -hubIPC -cloudEnvironment production","communication_protocol_version":"1.5.0","com.unity.ml-agents_version":"3.0.0","scene_name":"SampleScene","end_time_seconds":"1733334333"}}